0,0,EvdX0fMDsLW5GmQanwvP57uFWJ8=,+t1kBT87N5p/ZVUSOdoSVg+XWlY=
0,1,EvdX0fMDsLW5GmQanwvP57uFWJ8=,+vPYlyXbx8LLZG1DfpUQtOTvoYI=
0,2,EvdX0fMDsLW5GmQanwvP57uFWJ8=,8o7frZspXRty2Qw9Abqun//ct0k=
0,3,EvdX0fMDsLW5GmQanwvP57uFWJ8=,8o7frZspXRty2Qw9Abqun//ct0k=
0,4,EvdX0fMDsLW5GmQanwvP57uFWJ8=,8o7frZspXRty2Qw9Abqun//ct0k=
0,5,EvdX0fMDsLW5GmQanwvP57uFWJ8=,8o7frZspXRty2Qw9Abqun//ct0k=
0,6,EvdX0fMDsLW5GmQanwvP57uFWJ8=,8o7frZspXRty2Qw9Abqun//ct0k=
0,7,EvdX0fMDsLW5GmQanwvP57uFWJ8=,8o7frZspXRty2Qw9Abqun//ct0k=
0,8,EvdX0fMDsLW5GmQanwvP57uFWJ8=,8o7frZspXRty2Qw9Abqun//ct0k=
0,9,EvdX0fMDsLW5GmQanwvP57uFWJ8=,9heDNzDuAKxp16H6jIB00ZAYFLk=
1,1,EvdX0fMDsLW5GmQanwvP57uFWJ8=,mc4FyQzC8rBoDPezWSF9epGHb24=
